{"cameraMode":{"drawMode":0,"name":"Shaded","section":"Shading Mode"},"sceneLighting":true,"audioPlay":false,"sceneViewState":{"showFog":true,"showMaterialUpdate":false,"showSkybox":true,"showFlares":true,"showImageEffects":true,"showParticleSystems":true,"showVisualEffectGraphs":true,"m_FxEnabled":true},"in2DMode":false,"pivot":{"x":-23.273876190185548,"y":2.559999704360962,"z":26.02593231201172},"rotation":{"x":0.0011034489143639804,"y":0.9902344346046448,"z":-0.13935349881649018,"w":0.0077223507687449459},"size":2.52435040473938,"orthographic":false}