{"cameraMode":{"drawMode":0,"name":"Shaded","section":"Shading Mode"},"sceneLighting":false,"audioPlay":false,"sceneViewState":{"showFog":false,"showMaterialUpdate":false,"showSkybox":false,"showFlares":false,"showImageEffects":false,"showParticleSystems":false},"in2DMode":false,"pivot":{"x":11.798482894897461,"y":11.851571083068848,"z":0.40042972564697268},"rotation":{"x":0.011119836010038853,"y":0.8528532981872559,"z":-0.018176428973674775,"w":0.5217180252075195},"size":39.33433532714844,"orthographic":false}