{"cameraMode":{"drawMode":0,"name":"Shaded","section":"Shading Mode"},"sceneLighting":true,"audioPlay":false,"sceneViewState":{"showFog":false,"showMaterialUpdate":false,"showSkybox":false,"showFlares":false,"showImageEffects":false,"showParticleSystems":false},"in2DMode":false,"pivot":{"x":23.864656448364259,"y":-14.442893981933594,"z":18.71648406982422},"rotation":{"x":0.17393682897090913,"y":0.5994128584861755,"z":-0.13549576699733735,"w":0.7694799900054932},"size":26.064924240112306,"orthographic":false}