{"cameraMode":{"drawMode":0,"name":"Shaded","section":"Shading Mode"},"sceneLighting":false,"audioPlay":false,"sceneViewState":{"showFog":true,"showMaterialUpdate":false,"showSkybox":false,"showFlares":true,"showImageEffects":true,"showParticleSystems":true},"in2DMode":false,"pivot":{"x":0.44516897201538088,"y":1.6777255535125733,"z":0.45501089096069338},"rotation":{"x":-0.08963359147310257,"y":0.8958836197853088,"z":-0.2110031396150589,"w":-0.380569189786911},"size":1.7859771251678467,"orthographic":false}