{"cameraMode":{"drawMode":0,"name":"Shaded","section":"Shading Mode"},"sceneLighting":false,"audioPlay":false,"sceneViewState":{"showFog":true,"showMaterialUpdate":false,"showSkybox":false,"showFlares":true,"showImageEffects":true,"showParticleSystems":true},"in2DMode":false,"pivot":{"x":-0.3055126368999481,"y":1.1455681324005128,"z":0.31736326217651369},"rotation":{"x":-0.00969868153333664,"y":0.9895628690719605,"z":-0.08063873648643494,"w":-0.11901870369911194},"size":1.6960631608963013,"orthographic":false}