{"cameraMode":{"drawMode":0,"name":"Shaded","section":"Shading Mode"},"sceneLighting":false,"audioPlay":false,"sceneViewState":{"showFog":true,"showMaterialUpdate":false,"showSkybox":false,"showFlares":true,"showImageEffects":true,"showParticleSystems":true},"in2DMode":false,"pivot":{"x":-0.3177962303161621,"y":0.8720662593841553,"z":0.5811426639556885},"rotation":{"x":-0.005472633522003889,"y":0.9944643378257752,"z":-0.07953671365976334,"w":-0.06842643767595291},"size":1.4023175239562989,"orthographic":false}