{"cameraMode":{"drawMode":0,"name":"Shaded","section":"Shading Mode"},"sceneLighting":false,"audioPlay":false,"sceneViewState":{"showFog":true,"showMaterialUpdate":false,"showSkybox":false,"showFlares":true,"showImageEffects":true,"showParticleSystems":true},"in2DMode":false,"pivot":{"x":0.10398229956626892,"y":0.7739459276199341,"z":-0.8833446502685547},"rotation":{"x":0.0031264787539839746,"y":0.9958579540252686,"z":-0.037670981138944629,"w":0.08264655619859696},"size":1.305048942565918,"orthographic":false}