{"cameraMode":{"drawMode":0,"name":"Shaded","section":"Shading Mode"},"sceneLighting":true,"audioPlay":false,"sceneViewState":{"showFog":true,"showMaterialUpdate":false,"showSkybox":true,"showFlares":true,"showImageEffects":true,"showParticleSystems":true,"showVisualEffectGraphs":true,"m_FxEnabled":true},"in2DMode":false,"pivot":{"x":29.022497177124025,"y":1.7996692657470704,"z":19.984479904174806},"rotation":{"x":0.007093876134604216,"y":-0.9571593999862671,"z":0.2885619103908539,"w":0.023558948189020158},"size":42.69099426269531,"orthographic":false}